id,target
c0f722661,-0.429295
f0953f0a5,-0.352113
0df072751,-0.541188
04caf4e0c,-2.3152
0e63f8bea,-1.912033
12537fe78,-1.457925
965e592c0,0.474036
